Longitude,Latitude,UHI Index
-73.971665,40.78876333,0.963781476
-73.97192833,40.788875,0.963500321
-73.96708,40.78908,0.964817822
-73.97255,40.78908167,0.963439345
-73.96969667,40.78795333,0.95766741
-73.97021167,40.78418333,0.962847233
-73.96975167,40.78470833,0.961070657
-73.96676667,40.78886333,0.957006633
-73.97130333,40.788585,0.961130857
-73.966635,40.78418333,0.962769151
-73.98672167,40.78182667,0.972453177
-73.95032333,40.81512333,0.972826719
-73.98230833,40.76774167,0.971052229
-73.96508333,40.78370667,0.967043698
-73.97968333,40.77094667,0.966768503
-73.95570333,40.79593833,0.974634111
-73.97289167,40.78512667,0.969598949
-73.95583833,40.78309833,0.969742179
-73.96325,40.781915,0.968371689
-73.94459,40.777375,0.97106117
-73.97195,40.78476,0.968575895
-73.94579667,40.781725,0.98627913
-73.98071167,40.78740333,0.975935459
-73.96015833,40.758905,0.973511696
-73.98460333,40.78264333,0.974733651
-73.97688333,40.79036333,0.97648406
-73.94998833,40.81563833,0.973958731
-73.94784,40.77889,0.974985182
-73.973275,40.78934667,0.965905726
-73.95970667,40.79867333,0.971748114
-73.94704833,40.78009,0.973003864
-73.982415,40.76795333,0.973872662
-73.97984667,40.78694667,0.978068113
-73.98738167,40.78111,0.978607416
-73.97607667,40.789975,0.972083211
-73.96195667,40.79138333,0.968787849
-73.97963,40.78667,0.97497797
-73.95438833,40.78251333,0.968577564
-73.96295833,40.79177333,0.968937278
-73.941705,40.790355,0.977324069
-73.98581667,40.78309667,0.973452449
-73.96991,40.79022,0.972274661
-73.95996333,40.79833667,0.973371744
-73.98242,40.76804,0.973872662
-73.97728333,40.77158667,0.973630428
-73.94637333,40.77291833,0.967103779
-73.96973667,40.79016,0.971985519
-73.95559167,40.796185,0.976870716
-73.96010333,40.75887667,0.973128438
-73.97565,40.78978167,0.973011374
-73.95958667,40.79883167,0.972012341
-73.95093167,40.81433333,0.971673608
-73.98085833,40.76942167,0.975851238
-73.96359333,40.78273833,0.968239665
-73.96236,40.78117,0.968172729
-73.98243167,40.76812833,0.971181035
-73.98065667,40.78737833,0.976980746
-73.96223833,40.79151333,0.968003154
-73.97228167,40.784905,0.968760848
-73.984475,40.78302333,0.974383652
-73.97515667,40.78964,0.973634124
-73.96217833,40.78093667,0.968798399
-73.95764833,40.7896,0.981577694
-73.89286,40.84138833,0.985314071
-73.95836333,40.78989667,0.979612231
-73.93310667,40.79522,0.983992755
-73.898815,40.80721667,0.976550341
-73.975995,40.78651667,0.979675651
-73.98061167,40.78789333,0.978415549
-73.96706333,40.807085,0.980552316
-73.96702333,40.79345333,0.985012352
-73.98249667,40.77439333,0.980268717
-73.95459,40.79726333,0.981161892
-73.93384167,40.79543,0.984227955
-73.97887167,40.78633833,0.98140502
-73.98053,40.78922667,0.976368368
-73.9723,40.79635667,0.980564117
-73.98471,40.785675,0.979773641
-73.98227833,40.77546,0.982675195
-73.94239,40.78637333,0.983725607
-73.97824333,40.78618,0.98011148
-73.97923667,40.78652667,0.975505292
-73.977965,40.79070667,0.976495147
-73.973785,40.78925667,0.972981393
-73.95881833,40.79981333,0.973864615
-73.98191,40.76774,0.976484537
-73.98061833,40.78785167,0.978415549
-73.92448833,40.84360667,0.979636252
-73.89894667,40.80784333,0.980114341
-73.95300667,40.768135,0.984538198
-73.956465,40.79106833,0.978044093
-73.94668333,40.78053667,0.97698468
-73.955205,40.795475,0.979776144
-73.97388833,40.79209333,0.975497305
-73.95322833,40.78605333,0.97614944
-73.97746833,40.78691833,0.978562713
-73.93201,40.79670167,0.981389761
-73.982295,40.77552167,0.982832789
-73.94437,40.77540667,0.976063848
-73.97374167,40.79201333,0.975570083
-73.94584167,40.78166,0.983899593
-73.97750833,40.78687833,0.978536487
-73.98251167,40.77422333,0.981530309
-73.95585,40.80458667,0.98201704
-73.89406167,40.84209167,0.980072379
-73.94356667,40.776545,0.976222992
-73.97264167,40.79146333,0.979875684
-73.980605,40.78903,0.9767223
-73.95382833,40.78774167,0.979338586
-73.96049833,40.75905833,0.97355336
-73.94182667,40.79043,0.980990589
-73.95644,40.78324167,0.976104558
-73.95949,40.75906667,0.979797304
-73.97020667,40.79417333,0.984387875
-73.89813167,40.81011333,0.978725314
-73.94727833,40.77857833,0.976722538
-73.97653167,40.78666,0.976579309
-73.98390167,40.78367667,0.979650557
-73.899475,40.80542167,0.978778303
-73.95653167,40.79101833,0.977980375
-73.94396667,40.77597333,0.980346441
-73.98472333,40.78499833,0.97561419
-73.94893667,40.77330833,0.979430974
-73.98470667,40.78573,0.978685498
-73.96068667,40.75916167,0.979581892
-73.951185,40.79774,0.982899964
-73.95443833,40.797615,0.994392753
-73.97065667,40.76783,0.987578213
-73.95697833,40.783335,0.984264016
-73.95362833,40.78617833,0.976645708
-73.93213833,40.79653667,0.983034313
-73.95492333,40.79676667,0.981484115
-73.887255,40.82287167,0.977031708
-73.95680833,40.79073667,0.976527035
-73.92461167,40.84343167,0.9768489
-73.902365,40.80613167,0.983100176
-73.89948167,40.81362667,0.97829634
-73.9465,40.78071167,0.975749254
-73.947145,40.805955,0.987662137
-73.95983667,40.80953,0.977767408
-73.95479667,40.79690667,0.98306483
-73.945695,40.78186167,0.974672735
-73.971625,40.791,0.981778324
-73.97831833,40.7908,0.97650665
-73.97892167,40.79080333,0.980497956
-73.88750833,40.8226,0.981716216
-73.983185,40.78434667,0.981524527
-73.97217667,40.7966,0.982897401
-73.94266,40.78591667,0.985010147
-73.94932167,40.77342667,0.982173741
-73.98251167,40.77396333,0.980268121
-73.94351667,40.77660833,0.974132717
-73.95702833,40.79038833,0.973927736
-73.96737333,40.806175,0.981659472
-73.95818167,40.78188,0.982470453
-73.94980333,40.816245,0.977646649
-73.91806833,40.83678667,0.985643268
-73.95192833,40.77375833,0.981890798
-73.95868167,40.79000333,0.977762461
-73.96004167,40.773365,0.983352304
-73.89871333,40.806685,0.974837542
-73.92465667,40.843095,0.982001424
-73.98121,40.76888333,0.980999351
-73.954495,40.78656667,0.975453377
-73.95993833,40.77355667,0.984942794
-73.97859167,40.790915,0.979061127
-73.95254167,40.76849333,0.979760587
-73.97175333,40.79723333,0.982047737
-73.96372167,40.79215333,0.975528657
-73.95286,40.78659167,0.979701996
-73.961075,40.75933833,0.978437543
-73.97226167,40.79645333,0.980601668
-73.96766833,40.80002167,0.992004633
-73.949095,40.79414667,0.995515764
-73.96059167,40.797535,0.982479274
-73.93322,40.795155,0.984009504
-73.94806167,40.78681,0.98811084
-73.899135,40.81350667,0.982855797
-73.90962667,40.84315667,0.984678745
-73.95757833,40.76121,0.988479912
-73.91770833,40.83735333,0.985819161
-73.98724667,40.77075833,0.990376353
-73.87953667,40.80615167,0.993266165
-73.97206,40.765805,0.989489615
-73.9024,40.83370667,0.989590108
-73.95461833,40.79562833,0.994534671
-73.90329667,40.811215,0.990431309
-73.93413833,40.79555833,0.994887233
-73.90040833,40.81547667,0.988447249
-73.95488,40.80417,0.995957553
-73.92372,40.84413333,0.995717347
-73.895605,40.80892667,0.985973656
-73.95195833,40.7693,0.988250554
-73.92564667,40.84142667,0.986949146
-73.942635,40.79075333,0.995031655
-73.92131667,40.83194167,0.994880795
-73.98715333,40.77091833,0.990173936
-73.89874,40.81051333,0.979708433
-73.897585,40.81975,0.990970552
-73.90627,40.843665,0.995151222
-73.970495,40.767875,0.985474229
-73.941085,40.79014833,0.986040115
-73.97013333,40.79409667,0.984566569
-73.88117167,40.80541333,0.992582858
-73.91002833,40.84028333,0.989050984
-73.88944167,40.80749333,0.997280002
-73.95901667,40.75951,0.987046123
-73.90356167,40.817495,0.986901581
-73.96688667,40.807605,0.990152061
-73.97541167,40.786255,0.983828962
-73.912915,40.835245,0.993362486
-73.89614833,40.81892,0.994224966
-73.95433333,40.78149167,0.991781175
-73.92512667,40.84229167,0.990328908
-73.90222167,40.80517667,0.984322608
-73.917745,40.83730333,0.985868573
-73.95701833,40.76218833,0.985785842
-73.91789333,40.83208833,0.992361784
-73.956985,40.76223,0.985785842
-73.96148333,40.75945667,0.98009938
-73.90956,40.84112667,0.986394823
-73.94763167,40.7854,0.995708466
-73.97201333,40.765855,0.989489615
-73.95799667,40.76086,0.983526289
-73.96383333,40.76041333,0.991786361
-73.88087333,40.80545833,0.987375855
-73.98283833,40.782095,0.991913021
-73.94646,40.785155,0.992200792
-73.90953333,40.84341,0.988546908
-73.969145,40.793605,0.985400975
-73.94900333,40.79004833,0.990150213
-73.95807667,40.80547333,0.99470073
-73.98504833,40.780215,0.987675488
-73.89324667,40.84277667,0.987182617
-73.95255667,40.786845,0.98931241
-73.95508,40.79237667,0.991342664
-73.92208333,40.841025,0.9941383
-73.892235,40.842125,0.990741611
-73.88972167,40.80855,0.997679234
-73.958945,40.75958833,0.985539913
-73.96860667,40.76490833,0.990028501
-73.95697833,40.81226,0.986508846
-73.971345,40.76693167,0.987972915
-73.88797,40.82323333,0.984734178
-73.97463167,40.79340167,0.987327874
-73.946495,40.785135,0.992200792
-73.95584,40.79158,0.98333317
-73.91757833,40.84419667,0.988747537
-73.90011833,40.81484833,0.984307587
-73.97195667,40.76595333,0.988916159
-73.97126833,40.767035,0.98810339
-73.93475833,40.7991,0.99156183
-73.96877667,40.76495667,0.99241215
-73.94826333,40.79514333,0.999342442
-73.971365,40.79778667,0.982347369
-73.95539167,40.79191833,0.987236023
-73.95947,40.7742,0.98988086
-73.96063833,40.772585,0.988580525
-73.903525,40.80943333,0.989308357
-73.971035,40.76733,0.987818539
-73.90302833,40.80945167,0.991787553
-73.957995,40.78214667,0.985550702
-73.949355,40.79019833,0.992971361
-73.95730833,40.81173833,0.988113046
-73.95949333,40.77413167,0.989923835
-73.97253333,40.79134,0.980516791
-73.970795,40.76757167,0.985113144
-73.964165,40.80805833,0.99078083
-73.952775,40.774125,0.986504078
-73.96780333,40.800805,0.995092094
-73.94580833,40.77790333,0.989329755
-73.960155,40.77318667,0.98520875
-73.95950833,40.77407667,0.989923835
-73.90968333,40.842745,0.987248182
-73.89594667,40.80889833,0.993465543
-73.93151,40.79741333,0.995017171
-73.96144,40.797755,0.985705733
-73.95109333,40.79770167,0.984459043
-73.95569667,40.79168167,0.986378074
-73.96358167,40.80831,0.988673508
-73.91739333,40.84411,0.989420235
-73.96988833,40.79453667,0.985169232
-73.879635,40.80643333,0.99428159
-73.96904,40.79355167,0.98535049
-73.983515,40.775965,0.985630929
-73.91753833,40.84416833,0.988747537
-73.95755667,40.76125333,0.985726595
-73.98553167,40.78030667,0.988008082
-73.94354333,40.78470667,0.989907622
-73.92570833,40.84131333,0.991114974
-73.97783167,40.78652,0.984092712
-73.95793167,40.80602167,0.989026368
-73.972215,40.765515,0.99106586
-73.97948333,40.79043667,0.989338875
-73.90565167,40.84361667,0.987858176
-73.89642,40.81940667,0.99056071
-73.972105,40.76878333,0.983632207
-73.92396833,40.84403833,0.986918926
-73.97109,40.76729167,0.987818539
-73.90371167,40.80930667,0.992726922
-73.95429833,40.81096833,0.992231786
-73.90236333,40.83376333,0.989590108
-73.89312667,40.84268,0.986760914
-73.95801667,40.81085833,0.98599112
-73.94812,40.806325,0.992238641
-73.90793333,40.80256,0.989817023
-73.94937833,40.77346333,0.984489799
-73.98492333,40.78015333,0.988072515
-73.970135,40.794275,0.984464169
-73.89464833,40.809025,1.000785112
-73.899735,40.81426333,0.981150091
-73.90311167,40.809555,0.988033712
-73.96292,40.809115,0.990197539
-73.95783,40.78233333,0.985304236
-73.88759333,40.806415,0.99531424
-73.96336167,40.80860333,0.988025784
-73.95013333,40.81740667,0.983825803
-73.954585,40.79564833,0.99331665
-73.903075,40.817455,0.983072579
-73.95623667,40.79130833,0.984596372
-73.91732667,40.84535833,0.99114579
-73.90507833,40.84362,0.984112382
-73.951195,40.77346667,0.993319809
-73.90236167,40.81729167,0.984959781
-73.96040833,40.80168167,0.990148246
-73.944875,40.78727667,0.986592591
-73.98692,40.77126667,0.99034214
-73.94251333,40.78649167,0.983545184
-73.95009667,40.79031333,0.997330844
-73.884795,40.804875,0.99834007
-73.95473333,40.82247167,1.000090957
-73.947025,40.78921333,0.992421567
-73.94809667,40.78557667,0.993772924
-73.95631167,40.80473,1.000635624
-73.906315,40.81544167,1.00166297
-73.906095,40.84464833,0.995143831
-73.98854333,40.76914833,0.995759904
-73.95643167,40.82298167,0.99420166
-73.96454833,40.799075,0.993065655
-73.95014667,40.77375167,0.995805502
-73.90134833,40.83540667,1.004429817
-73.89738667,40.80789833,0.995706558
-73.91745,40.845115,0.998615861
-73.904615,40.80801667,0.99389565
-73.91316,40.827285,0.994203329
-73.914005,40.83562167,0.997155309
-73.91233667,40.82942333,0.994064033
-73.96472333,40.79915667,0.992641747
-73.91226833,40.82940167,0.994423568
-73.91735333,40.83290167,1.001550436
-73.953495,40.81755667,0.999928534
-73.90972167,40.82632333,0.994969785
-73.95696333,40.77681833,0.99892813
-73.91689667,40.80412167,0.993613958
-73.894685,40.84391667,0.99675864
-73.91581333,40.83496167,0.990144312
-73.89158833,40.82145833,1.003506064
-73.91717,40.83334167,0.997143209
-73.93579667,40.79961667,0.996843159
-73.909525,40.82669667,1.003922105
-73.925235,40.826975,0.997439742
-73.90352,40.81751,0.987067699
-73.91058667,40.83936333,0.995352328
-73.92255,40.82338833,1.000946522
-73.95286,40.818075,0.998850584
-73.9122,40.84474833,1.001279831
-73.903805,40.81188,0.993955135
-73.92686333,40.83529333,1.003045559
-73.90882667,40.843765,0.997614682
-73.99138833,40.77586333,0.998331785
-73.962415,40.80243333,0.997415364
-73.893215,40.84425667,0.994355261
-73.89811667,40.81923333,0.996208429
-73.89667833,40.84407833,0.99615109
-73.92572833,40.84127,0.992966235
-73.89257667,40.84387167,0.993380249
-73.95827667,40.774705,0.994790673
-73.93841,40.80229333,1.002167106
-73.96528333,40.79930667,0.993739188
-73.94929167,40.79698333,0.994579792
-73.88392667,40.81553333,0.999984384
-73.89794333,40.83639,0.995766997
-73.896715,40.80842,0.994793534
-73.98891833,40.76938833,0.998305678
-73.90439333,40.808115,0.993569613
-73.91538833,40.83536667,0.999165833
-73.97155833,40.766505,0.99570632
-73.95496167,40.77345667,0.993795455
-73.94806667,40.79310667,0.999835193
-73.97364167,40.79474167,0.99625802
-73.95694833,40.80499,0.997618139
-73.90419833,40.81585833,0.993023932
-73.92742833,40.83408,0.998604774
-73.91715167,40.844005,0.992337108
-73.957195,40.82223833,1.004670978
-73.90078,40.8415,1.000035048
-73.95710667,40.80716333,0.990204036
-73.95403167,40.77551333,1.000561237
-73.91676667,40.80406833,0.995821238
-73.89541,40.81758333,0.99406147
-73.894235,40.80907833,1.000628471
-73.90390667,40.80835167,0.997101605
-73.89524667,40.81734,0.99388653
-73.95109833,40.78876833,0.996397614
-73.891595,40.82153167,1.004434943
-73.95975,40.801385,0.992995501
-73.94890167,40.80167,1.00068295
-73.96678333,40.80389833,1.000888586
-73.93246333,40.79813333,0.999534309
-73.964275,40.76059167,0.992989421
-73.97178833,40.76615667,0.991659164
-73.95899333,40.809555,0.991675854
-73.91556667,40.83522167,0.997215629
-73.961635,40.79784833,0.991939545
-73.94739333,40.78528667,0.994476736
-73.95279,40.77490333,0.99574393
-73.919065,40.84354333,0.994947612
-73.92630833,40.834865,0.998406351
-73.95199333,40.81882333,0.994493127
-73.93536833,40.80039333,0.992877662
-73.89158333,40.821185,0.997484624
-73.96228333,40.79816,0.994735539
-73.947745,40.79293,0.997511208
-73.89792833,40.81943,0.990264654
-73.87980333,40.80564167,0.995260477
-73.95477667,40.78076833,1.000394702
-73.956035,40.77378667,0.994756579
-73.93538667,40.80095333,0.995834947
-73.92721,40.834035,0.99655056
-73.95703667,40.7632,1.002549052
-73.95860333,40.76001667,0.997881591
-73.962185,40.80231667,0.994038165
-73.95936,40.77446667,0.997519374
-73.91331167,40.82978,1.000959158
-73.895245,40.84396167,0.998395562
-73.90502167,40.84424,0.996980965
-73.96481667,40.799195,0.992415547
-73.92139333,40.83182,0.996261656
-73.91755,40.84626833,0.998631477
-73.88854167,40.806315,1.002916098
-73.95483667,40.794275,0.995705485
-73.98883667,40.769325,0.992473423
-73.94841667,40.78615167,0.997811615
-73.91302167,40.83857333,1.008150458
-73.95843667,40.76429833,1.001761556
-73.89597667,40.84400167,0.995098948
-73.90328,40.8087,0.991196454
-73.90519333,40.80768,0.995502412
-73.93185,40.79783833,0.995502591
-73.88334667,40.81329,0.998212039
-73.98191333,40.78349667,0.998302817
-73.95489333,40.773545,0.994668007
-73.96964,40.76536333,1.001354456
-73.959795,40.80140333,0.993100941
-73.91729,40.84560167,0.995253384
-73.92724333,40.83541667,0.998757184
-73.89827833,40.81907833,0.996751368
-73.91718167,40.83325167,1.001232982
-73.91836667,40.844505,0.990250707
-73.88595,40.80504,1.003841043
-73.91238,40.83506167,0.999195337
-73.91654667,40.84372,0.990879834
-73.953765,40.79819333,1.000274301
-73.96897,40.76510667,0.99246335
-73.98839833,40.76930833,0.997098505
-73.9536,40.80364333,1.010614634
-73.89359333,40.84446,0.996476412
-73.92751833,40.83859333,1.00193727
-73.88758833,40.82077167,1.001627326
-73.95790833,40.774565,0.996397436
-73.94574333,40.78616,0.995770037
-73.90973,40.840805,0.993981957
-73.89895667,40.83655833,0.996464491
-73.948925,40.79436,0.992704928
-73.89852833,40.81886667,0.994833589
-73.89892167,40.81846333,0.999546647
-73.894965,40.80901833,0.992497087
-73.95905167,40.81632333,0.998456001
-73.988065,40.76966,0.995021224
-73.95814667,40.77465667,0.993941188
-73.95968167,40.80942667,0.991185546
-73.95230333,40.774715,0.994821608
-73.87966833,40.80660333,0.992999196
-73.96921333,40.76518667,0.996846199
-73.98791333,40.76985833,0.993458331
-73.887645,40.82072333,1.002144575
-73.92759667,40.82512667,0.993356287
-73.95475667,40.79444,0.997010887
-73.90928667,40.8438,0.993655443
-73.90280667,40.80849833,0.99137181
-73.896405,40.83876333,0.998950243
-73.943345,40.79105833,0.995468318
-73.89379667,40.809135,0.997096539
-73.92758167,40.83860333,1.000686765
-73.929355,40.82962667,1.000959158
-73.94887667,40.79442333,0.991985202
-73.95904833,40.78071333,0.990378678
-73.95209833,40.77465167,0.994823158
-73.98273833,40.78222,0.992502153
-73.98848167,40.769195,0.995570898
-73.95282333,40.81810833,0.998850584
-73.92761833,40.82505333,0.997518063
-73.90984333,40.826115,0.997451365
-73.98481667,40.77417667,0.997715056
-73.88612167,40.805795,0.995585918
-73.89464333,40.81779333,1.001227379
-73.954065,40.79587667,0.993687451
-73.94844833,40.79487333,0.994499564
-73.95912167,40.80943333,0.994637907
-73.96473333,40.80831333,0.993237317
-73.93796167,40.80208333,0.997703135
-73.94821333,40.795215,0.999875844
-73.95698167,40.81402333,1.000983357
-73.98765833,40.770145,0.992192328
-73.95334333,40.77503167,0.999459982
-73.89783167,40.83627167,0.999616385
-73.95161833,40.76979667,0.998149872
-73.88209833,40.8127,0.995986342
-73.911355,40.83470833,0.999585211
-73.90652333,40.84469167,0.997231185
-73.96174333,40.81029833,0.996186972
-73.954845,40.79424833,0.995128214
-73.93846833,40.85229167,1.011374593
-73.93244833,40.79610667,0.992236555
-73.91649,40.834185,1.002979517
-73.95451,40.80401333,0.992268562
-73.96290333,40.80265333,1.00050509
-73.95828167,40.76455833,0.995101213
-73.895195,40.840695,0.999714017
-73.94478333,40.80008,0.999481022
-73.90266,40.83337667,0.990481913
-73.89440833,40.84419667,0.997352839
-73.90281667,40.808575,0.991411209
-73.95429333,40.76869333,0.997774184
-73.88908167,40.81861,1.00522244
-73.90456667,40.81534,1.002305508
-73.95658667,40.762765,0.993540108
-73.898605,40.81880333,0.994283855
-73.88737833,40.81410333,0.999545217
-73.98473833,40.774265,0.997897446
-73.927855,40.82134,1.002823114
-73.9097,40.84086667,0.99383378
-73.984385,40.774745,0.99491483
-73.957215,40.814255,1.009881735
-73.964235,40.79894167,1.000345469
-73.91369,40.82690167,1.003651142
-73.953395,40.82254333,1.006229758
-73.95733167,40.77728833,1.002801061
-73.91549333,40.80421833,1.004906654
-73.880915,40.81152667,1.00290525
-73.91990833,40.83434333,0.999070346
-73.92032667,40.833665,1.005910635
-73.91376333,40.82685167,1.004319787
-73.97042333,40.76511333,1.003496766
-73.94539667,40.79196833,1.004844069
-73.94658833,40.811645,1.008147717
-73.89910667,40.81815,1.001104951
-73.94311667,40.80235333,1.005776048
-73.96771833,40.801715,0.997944832
-73.91312333,40.83861167,1.013163447
-73.888585,40.823425,1.001430631
-73.92573667,40.82608167,1.0041641
-73.95396167,40.79502333,1.006563544
-73.925275,40.82094333,1.005428791
-73.88828333,40.814165,1.002977014
-73.90457167,40.81237833,1.00493896
-73.95648833,40.808055,1.006824255
-73.95703833,40.77775833,1.002093315
-73.91415667,40.81642667,1.0056777
-73.88502167,40.81249667,1.009790301
-73.91440167,40.83907,1.012790918
-73.91688333,40.81158333,1.016018152
-73.95503667,40.768995,1.002251387
-73.89778667,40.80872333,1.000542164
-73.88768667,40.816435,1.008713365
-73.91684167,40.81832667,1.020915389
-73.928015,40.82156,1.007816911
-73.90333667,40.83239167,1.006041169
-73.956075,40.77899667,1.003587484
-73.92338333,40.82285333,1.006974459
-73.88873167,40.82591333,1.007170796
-73.95734167,40.822095,1.003200412
-73.94967,40.80212,1.006241679
-73.95110833,40.77415333,1.001587749
-73.916905,40.81819833,1.013848305
-73.92789,40.82876667,1.006144166
-73.90241833,40.83191,1.010044694
-73.94677167,40.80067333,1.0063622
-73.91132167,40.83815,1.007096052
-73.88640667,40.81517667,1.007949233
-73.88276167,40.80516833,0.998312771
-73.970955,40.76449167,1.006478786
-73.93840833,40.85323,1.008763909
-73.95042167,40.828105,1.00788486
-73.92029667,40.82235,1.00276351
-73.95137667,40.82775167,1.002931118
-73.89914,40.81825833,1.004600286
-73.94485333,40.79999167,1.000333309
-73.95094,40.77068333,1.002753258
-73.928,40.828835,1.005140305
-73.93497,40.85694833,1.011072636
-73.900165,40.84130833,1.011270523
-73.93549,40.799435,0.996471167
-73.94836,40.80914,1.010016203
-73.95611333,40.77655,1.000657082
-73.958805,40.81604167,0.996354699
-73.95662833,40.76301,1.008099914
-73.89142667,40.80950667,1.004836321
-73.91336167,40.81802,1.011183143
-73.915845,40.84339167,1.011096954
-73.94817,40.80934833,1.011599302
-73.90655833,40.80691833,0.999877572
-73.90327333,40.83221833,1.007206082
-73.92103167,40.84225833,1.006516218
-73.91189833,40.82040167,1.012619019
-73.90588333,40.80402167,1.004857063
-73.90573167,40.826655,1.009878397
-73.96764,40.802315,1.00070262
-73.91044667,40.82497833,1.00731504
-73.89537667,40.810705,1.003050089
-73.91118,40.82158833,1.0082407
-73.90675333,40.83162167,1.005911827
-73.9144,40.81598167,1.00274837
-73.95602333,40.77648833,1.00050509
-73.95771833,40.82165333,1.004149914
-73.95971333,40.81915833,1.010654688
-73.93966333,40.80439,1.008393526
-73.91657,40.83409167,1.000193119
-73.88372333,40.814715,1.006160975
-73.92625333,40.82550667,1.00110507
-73.958745,40.77490333,1.001525521
-73.896195,40.812295,1.005543232
-73.90958667,40.81901,1.005726814
-73.95390833,40.81774,0.990212917
-73.94762833,40.80501833,1.00993824
-73.92711167,40.83684667,1.010225534
-73.950715,40.770995,1.006155252
-73.95317667,40.81086667,1.00064683
-73.95087,40.828295,1.008272529
-73.95641667,40.80816,1.007032156
-73.90501167,40.81243,1.006992221
-73.91447333,40.83909667,1.008322239
-73.95641333,40.76700667,1.004248619
-73.94682833,40.79254,1.00281024
-73.90144833,40.83526833,1.001494646
-73.93510667,40.856515,1.006135464
-73.95026,40.82633333,1.013728619
-73.96389833,40.803115,1.004509211
-73.92680833,40.820025,1.01023984
-73.949935,40.82212667,1.003955841
-73.94524667,40.791905,1.003659487
-73.95747833,40.81447167,1.005896568
-73.938315,40.85225667,1.009979367
-73.886315,40.81508167,1.008278012
-73.90274667,40.80809,1.00400579
-73.94783333,40.80122333,1.000329494
-73.91785333,40.82135,1.009184718
-73.90180167,40.82991833,1.003698468
-73.92715333,40.83694667,1.009092689
-73.90709,40.813395,1.008137226
-73.90569167,40.81255667,1.005434632
-73.94996833,40.77214333,1.002325654
-73.95628833,40.81817667,1.007475734
-73.94262,40.80300167,1.009696364
-73.885985,40.80516167,0.998643041
-73.95663667,40.80783667,0.999094307
-73.89108,40.80955,1.00500083
-73.90856667,40.819325,0.999803543
-73.95634833,40.80825667,1.000923991
-73.905805,40.80397833,1.004309535
-73.99316333,40.77099333,1.00191927
-73.91834667,40.83135333,1.008781075
-73.88836667,40.81414167,1.002977014
-73.94795,40.8254,1.012056231
-73.94740833,40.80539333,0.996099293
-73.89838333,40.81538333,1.005521655
-73.88806167,40.81696333,1.008741856
-73.92751,40.83609333,1.010623097
-73.92344167,40.82275167,1.00817883
-73.92994333,40.82993833,1.008018374
-73.892005,40.82039667,1.009117484
-73.958745,40.81598,0.995729208
-73.89825,40.817515,1.007322192
-73.8973,40.83765167,1.003534198
-73.907355,40.83061667,1.008025646
-73.99219333,40.77056833,1.005110621
-73.890005,40.809575,1.002684951
-73.88873667,40.825195,1.004141808
-73.96696,40.80363167,1.000503421
-73.94979667,40.77238,1.001894116
-73.967625,40.80240833,1.001169205
-73.91402,40.8267,1.001912236
-73.92663333,40.83859667,1.002666235
-73.889,40.80629333,1.014659047
-73.90162333,40.840655,1.004443645
-73.88382333,40.81513667,1.003787875
-73.95991167,40.81886667,1.002338648
-73.90819833,40.82002667,1.004337788
-73.92796333,40.82146167,1.004937649
-73.94582167,40.813665,1.010125041
-73.91688167,40.81824167,1.020943999
-73.91344833,40.81805667,1.007639647
-73.91319,40.83864333,1.007469654
-73.90831333,40.81979333,1.005492687
-73.94402167,40.80110833,1.002222419
-73.91057667,40.82469667,1.004558444
-73.96708833,40.80343833,1.004548907
-73.90664667,40.83186833,1.003584623
-73.906675,40.80724,0.997894824
-73.95321333,40.82268,1.00822103
-73.95505833,40.768935,1.001597047
-73.903065,40.83277167,1.004554033
-73.910895,40.82208667,1.018409252
-73.92321333,40.8232,1.009189248
-73.913715,40.819245,1.011546135
-73.92732,40.83648333,1.007725239
-73.91877,40.83076167,1.006877065
-73.89753667,40.81623167,1.008191586
-73.91799833,40.82138167,1.008343458
-73.94412833,40.80097333,1.006246686
-73.88917833,40.806535,1.011903644
-73.90180333,40.84036333,1.007208705
-73.90721167,40.81302833,1.006928802
-73.88511833,40.804805,0.999370575
-73.91979,40.83454333,0.998873174
-73.926155,40.83864667,1.005685687
-73.95398833,40.79501,1.00707972
-73.94895833,40.80662333,1.00382638
-73.89815667,40.81745333,1.008128405
-73.91352333,40.84501833,0.997784793
-73.88721,40.82098,1.002789736
-73.95652667,40.817855,1.007307172
-73.95433667,40.79483167,1.003529549
-73.957435,40.77713667,1.001543641
-73.90859833,40.81925333,0.999683261
-73.89488,40.81244,0.999538124
-73.96657,40.76173167,0.999278963
-73.94724833,40.82695167,1.008785963
-73.94679,40.78497667,1.003022552
-73.888435,40.8219,1.017735243
-73.95447667,40.82236,1.001810312
-73.95979833,40.81788667,1.007086515
-73.89967667,40.83744,1.003937721
-73.888725,40.82527167,1.004141808
-73.92176167,40.84128667,1.001412034
-73.949105,40.80174667,1.002149224
-73.91587667,40.84341333,1.01066339
-73.88858,40.82013167,1.007156491
-73.92720833,40.83858167,1.000314713
-73.9235,40.822655,1.007920384
-73.9024,40.83583,1.003685474
-73.94767833,40.804945,1.007576942
-73.95045333,40.82152833,1.010627389
-73.91705833,40.81788167,1.006829739
-73.91444167,40.81590167,1.002292752
-73.989665,40.76961833,1.008520365
-73.9277,40.83799667,1.010280371
-73.88897,40.82614,1.009611964
-73.90213833,40.83855167,1.00888586
-73.97289833,40.76470333,1.012711167
-73.93567,40.85557833,1.020539999
-73.92505,40.82728667,1.012192965
-73.9076,40.82537,1.013532996
-73.95227333,40.8224,1.016126633
-73.92109333,40.84207833,1.009043336
-73.90787,40.82969667,1.016028762
-73.925565,40.81185167,1.015106678
-73.92020333,40.80381,1.016595483
-73.91703333,40.81133333,1.012345433
-73.91502,40.83927167,1.013816476
-73.91529833,40.81451333,1.019438863
-73.95131833,40.80464333,1.013412595
-73.90041833,40.83100833,1.013887763
-73.90781667,40.804365,1.011553645
-73.96556,40.80860167,1.01818347
-73.91344333,40.81764833,1.012865901
-73.94750333,40.80523167,1.008889794
-73.91556,40.814055,1.011655807
-73.88591667,40.80491833,0.997918189
-73.91577333,40.82062667,1.013623834
-73.942,40.80379833,1.016208649
-73.92731333,40.81059333,1.014252782
-73.929665,40.85748,1.014387369
-73.95325333,40.81254,1.015565634
-73.93138833,40.832545,1.017256379
-73.90421,40.827805,1.015859008
-73.950725,40.82658,1.013411283
-73.90694833,40.81372333,1.010212541
-73.97295833,40.76460167,1.015371203
-73.91921833,40.82172333,1.018681288
-73.92314833,40.813085,1.007962465
-73.88961,40.81392,1.018650413
-73.99017,40.76980833,1.013164043
-73.90232333,40.831875,1.013496637
-73.92969667,40.81767667,1.015985131
-73.94546167,40.81320333,1.014745951
-73.885275,40.81345333,1.018596172
-73.95940167,40.81961667,1.014471054
-73.95471,40.81814,1.006556273
-73.911395,40.81944333,1.015740514
-73.92000667,40.83071167,1.012223601
-73.99035333,40.76987667,1.011369586
-73.94227,40.80345167,1.015993953
-73.92993167,40.81725667,1.012450099
-73.927115,40.83688833,1.010225534
-73.95013833,40.82800833,1.010768175
-73.90118833,40.83146667,1.010525584
-73.96804833,40.76247333,1.0158571
-73.92565667,40.82784333,1.007664204
-73.95005,40.82799667,1.017296314
-73.91987667,40.84351333,0.994163394
-73.91644667,40.812365,1.010922074
-73.88888833,40.81402833,1.01695025
-73.91512167,40.81474,1.018311977
-73.92747833,40.83737667,1.009517908
-73.94713667,40.814145,1.015287042
-73.95832667,40.82126833,1.016558886
-73.92855167,40.83437667,1.011368036
-73.96563667,40.80862333,1.01818347
-73.92282667,40.81327333,1.013639808
-73.88834167,40.81744,1.002214193
-73.89170167,40.82336833,1.013447046
-73.932395,40.85924333,1.02319932
-73.919775,40.814825,1.018421888
-73.88878,40.81404333,1.008953571
-73.97295167,40.764625,1.015371203
-73.90818667,40.80459167,1.015206814
-73.92286667,40.813245,1.014963865
-73.91622,40.81278833,1.018196702
-73.92041333,40.80390167,1.015176415
-73.90983333,40.81099833,1.017873287
-73.925075,40.82724,1.013572216
-73.91389667,40.83019833,1.014885783
-73.94804833,40.80953333,1.015379667
-73.891675,40.82303667,1.012919664
-73.93136167,40.83259333,1.017070293
-73.92967333,40.83463667,1.011952043
-73.908085,40.82489667,1.006948471
-73.95611833,40.81839333,1.012294769
-73.968215,40.76263,1.01399076
-73.93088833,40.829785,1.019223809
-73.96700833,40.7619,1.013182163
-73.91734333,40.81083,1.016786337
-73.88534,40.82111167,1.017331123
-73.95061333,40.82645,1.013411283
-73.92607,40.81158833,1.013716698
-73.94233333,40.80337,1.015099287
-73.92587,40.83911833,1.006837606
-73.947835,40.808745,1.016307831
-73.88607833,40.82117667,1.016837955
-73.95296333,40.81264667,1.013477445
-73.95690833,40.81564,1.019946337
-73.94897667,40.825845,1.012388349
-73.94867167,40.81370333,1.017671347
-73.92735333,40.82844833,1.004139066
-73.92272167,40.81333667,1.015051007
-73.91376333,40.83042667,1.020038366
-73.89739333,40.84415667,1.009779811
-73.95433833,40.81791833,1.006580234
-73.91852333,40.821515,1.012358069
-73.94363333,40.80163333,1.005010486
-73.943845,40.80132833,1.006806374
-73.92837667,40.834315,1.006477356
-73.91067833,40.81921667,1.010380983
-73.92539667,40.84013167,1.017031908
-73.88531167,40.81359,1.016016364
-73.90783333,40.82975667,1.016028762
-73.89806167,40.815735,1.008074641
-73.95340167,40.81234667,1.014041185
-73.95271167,40.82249167,1.014021754
-73.89131167,40.814285,1.021912694
-73.918755,40.82158333,1.015408993
-73.93015333,40.81678333,1.013324738
-73.89168,40.823105,1.012948513
-73.93154167,40.83219333,1.016551137
-73.97202167,40.76427,1.009030581
-73.90945333,40.84482833,1.011489511
-73.92837833,40.80729333,1.021779418
-73.92188333,40.80452333,1.015142918
-73.93818667,40.80339667,1.013269186
-73.91659167,40.81888,1.014753819
-73.94955167,40.81246833,1.01666522
-73.94690333,40.81404833,1.016023874
-73.92833,40.82136167,1.012342811
-73.889095,40.80635667,1.010764122
-73.90821167,40.82911,1.016588807
-73.88949,40.82586,1.007023573
-73.93146,40.85877333,1.009653211
-73.92198167,40.81028333,1.01524961
-73.95286667,40.79804167,1.014768481
-73.92785833,40.80984,1.016844511
-73.95214667,40.80361167,1.014962077
-73.96785833,40.76284333,1.013018608
-73.89142833,40.814625,1.018850327
-73.887725,40.81647667,1.011820316
-73.89647333,40.83364,1.005073667
-73.94238167,40.80329833,1.009347558
-73.92559,40.83959167,1.014859438
-73.931335,40.83264333,1.017347336
-73.91015167,40.82449333,1.012715697
-73.92834,40.82129,1.01225853
-73.90656667,40.81275833,1.007472038
-73.99008833,40.769775,1.013524294
-73.9158,40.82084,1.013274312
-73.94916167,40.82761833,1.015098572
-73.95805167,40.81524667,1.01358974
-73.92945667,40.81829,1.013561249
-73.909725,40.81127667,1.013073325
-73.95420833,40.77451333,1.013579607
-73.90828667,40.80468333,1.01432848
-73.94690333,40.82680833,1.01061058
-73.89735667,40.844145,1.009779811
-73.92698667,40.82030833,1.011395097
-73.91536,40.839385,1.016646504
-73.92112333,40.842035,1.009043336
-73.95826667,40.81553333,1.013921142
-73.88520667,40.81315833,1.016315222
-73.94563,40.81298167,1.018975616
-73.93056167,40.815525,1.021514058
-73.91987833,40.803695,1.022513032
-73.90797167,40.80816,1.014576793
-73.93263833,40.85690667,1.033506632
-73.92028833,40.82208167,1.00701046
-73.92541,40.80601,1.023693085
-73.92186333,40.810435,1.01518774
-73.91836833,40.809095,1.02336812
-73.89153833,40.82474667,1.022758245
-73.90880333,40.81019667,1.021964312
-73.916895,40.83842,1.020617723
-73.90743667,40.809715,1.025785565
-73.927665,40.81009,1.015440226
-73.930355,40.83448,1.020514488
-73.94932167,40.812825,1.018307805
-73.91893833,40.80444333,1.023725986
-73.95302833,40.80334667,1.023686171
-73.89173,40.82368333,1.022607684
-73.88556,40.82123,1.016604066
-73.94143833,40.8046,1.024393201
-73.949585,40.81237667,1.019099951
-73.92964,40.80978667,1.025248528
-73.93136667,40.85893667,1.019562006
-73.93151333,40.82996,1.025576591
-73.89152167,40.819655,1.032244682
-73.88524333,40.81330167,1.019787192
-73.93694167,40.85518833,1.022372961
-73.89838167,40.83255833,1.020767808
-73.91829333,40.81559833,1.023911357
-73.91826167,40.80924333,1.022203207
-73.91885167,40.80470333,1.024999738
-73.92003167,40.82197333,1.0228194
-73.95663333,40.815235,1.023054361
-73.93583333,40.85529333,1.022404075
-73.93839333,40.803095,1.015434027
-73.918875,40.8145,1.032018781
-73.93057833,40.81526667,1.020522118
-73.95308667,40.80337333,1.025292516
-73.955765,40.814035,1.022802949
-73.89176333,40.82389167,1.026533723
-73.91887833,40.80461833,1.024825931
-73.91359833,40.83068,1.022230625
-73.93059667,40.85740833,1.025711656
-73.93030167,40.83454167,1.02057457
-73.89810667,40.83276167,1.020982981
-73.93031667,40.857455,1.022408605
-73.91867167,40.80481167,1.019218326
-73.99117,40.77010667,1.02171433
-73.95107667,40.81252333,1.00248909
-73.89868,40.83233667,1.01789844
-73.94681833,40.80829667,1.025107384
-73.91882667,40.81456,1.030169249
-73.91906333,40.81517333,1.029536486
-73.908305,40.82887833,1.024448037
-73.93696833,40.85512833,1.024203181
-73.99154333,40.77016833,1.020097852
-73.913395,40.81960833,1.016054988
-73.91942333,40.81500833,1.016685486
-73.93105167,40.85722,1.024312258
-73.936775,40.85552167,1.023236632
-73.94990333,40.81204167,1.019894719
-73.93666333,40.85583333,1.0275141
-73.90831667,40.828855,1.024448037
-73.89132167,40.81432167,1.02192688
-73.93130333,40.85713333,1.029339314
-73.89203333,40.81675667,1.019559741
-73.92792667,40.80973833,1.016471505
-73.91932333,40.80423333,1.024801612
-73.91854833,40.81467667,1.024213791
-73.95812833,40.82145,1.018245816
-73.95597,40.81442,1.018977642
-73.93626,40.856415,1.020868778
-73.99162667,40.77018333,1.023161888
-73.9269,40.82824,1.011163116
-73.92123667,40.80425167,1.021596551
-73.89917,40.84107,1.028414607
-73.88878333,40.82164667,1.021316886
-73.90921167,40.82412667,1.024558306
-73.92884,40.80909833,1.033930421
-73.89103333,40.82503167,1.022128463
-73.91491,40.818105,1.037069559
-73.92616,40.80627833,1.033980846
-73.94718333,40.80845833,1.029142499
-73.91743333,40.81610667,1.033543468
-73.91445333,40.80555833,1.030591965
-73.91591667,40.817195,1.031140208
-73.91909667,40.814215,1.02554059
-73.93051833,40.81357667,1.035563707
-73.90755667,40.80937,1.031661391
-73.91728,40.81619667,1.032828927
-73.891795,40.82432,1.026272535
-73.93133,40.82969667,1.033031106
-73.93543667,40.85721333,1.030769825
-73.89111167,40.82498333,1.031379104
-73.93073,40.81428833,1.028375745
-73.89134,40.82487,1.030809283
-73.89255833,40.818625,1.033086181
-73.93105667,40.857525,1.030157447
-73.91175833,40.80445,1.035708189
-73.94712167,40.80843333,1.03023243
-73.933035,40.85603167,1.032818794
-73.909155,40.813145,1.026536226
-73.92142333,40.81104333,1.023542762
-73.9304,40.81352833,1.03273809
-73.92879167,40.80903667,1.032311678
-73.91342167,40.80518333,1.035620809
-73.92964667,40.812905,1.030031681
-73.92874167,40.80898833,1.028669596
-73.91809667,40.81502667,1.037637353
-73.93569667,40.854865,1.027671933
-73.89262167,40.81855,1.028751016
-73.91469833,40.81827167,1.038699985
-73.93084667,40.81395,1.037987471
-73.93458833,40.85452333,1.026886702
-73.92854167,40.80894167,1.026132703
-73.912115,40.80492667,1.027445316
-73.911665,40.82198,1.035225034
-73.91938833,40.81380333,1.037418008
-73.93103333,40.83317833,1.042981982
-73.93464667,40.85454167,1.027801752
-73.91722333,40.81541333,1.037887454
-73.911645,40.80440167,1.032613754
